{"Sobel": {"collective": [null, null, null, 0.23549246475449684], "individual": {"TIMING_ERROR_PROB_PERCENT-3": [null, null, null, 0.10505396208070004], "TIMING_ERROR_PROB_PERCENT-2": [null, null, null, 0.28169178415167717], "TIMING_ERROR_PROB_PERCENT-1": [null, null, null, 0.008630043753038405], "INVPROB_SRAM_WRITE_FAILURE": [null, null, null, 0.05207583859990277], "MB_DOUBLE_APPROX": [null, null, null, 0.003104845243882677], "MB_FLOAT_APPROX": [null, null, null, 0.0], "INVPROB_DRAM_FLIP_PER_SECOND": [null, null, null, 0.006678982336736347], "INVPROB_SRAM_READ_UPSET": [null, null, null, 0.001108410306271269]}, "approximateness": {"stores": [115785, 250970], "fpu": [12100, 238975], "heap": [537813, 50685840], "loads": [1750118, 364003], "alu": [413536, 0], "stack": [354703168, 609234414]}}}