{"Plane": {"collective": [null, null, null, 0.1352521701388889], "individual": {"TIMING_ERROR_PROB_PERCENT-3": [null, null, null, 0.02261282169117647], "TIMING_ERROR_PROB_PERCENT-2": [null, null, null, 0.034851792279411764], "TIMING_ERROR_PROB_PERCENT-1": [null, null, null, 0.011080537683823529], "INVPROB_SRAM_WRITE_FAILURE": [null, null, null, 0.14507732077205882], "MB_DOUBLE_APPROX": [null, null, null, 0.0], "MB_FLOAT_APPROX": [null, null, null, 0.10523206444035947], "INVPROB_DRAM_FLIP_PER_SECOND": [null, null, null, 0.0], "INVPROB_SRAM_READ_UPSET": [null, null, null, 0.1519189772263072]}, "approximateness": {"stores": [767324, 2448811], "fpu": [0, 2652800], "heap": [1033800, 5909299200], "loads": [3122501, 5611203], "alu": [1176371, 50802], "stack": [9732688632, 40802593324]}}}