{"Plane": {"collective": [null, null, null, 0.1291708154616013], "individual": {"TIMING_ERROR_PROB_PERCENT-3": [null, null, null, 0.022830946180555554], "TIMING_ERROR_PROB_PERCENT-2": [null, null, null, 0.03351229319852941], "TIMING_ERROR_PROB_PERCENT-1": [null, null, null, 0.011009842218137254], "INVPROB_SRAM_WRITE_FAILURE": [null, null, null, 0.020429457720588236], "MB_DOUBLE_APPROX": [null, null, null, 0.0], "MB_FLOAT_APPROX": [null, null, null, 0.10523206444035947], "INVPROB_DRAM_FLIP_PER_SECOND": [null, null, null, 0.0], "INVPROB_SRAM_READ_UPSET": [null, null, null, 0.1452241242851307]}, "approximateness": {"stores": [971323, 2193211], "fpu": [0, 2652800], "heap": [869376, 4837785600], "loads": [4244099, 4182403], "alu": [1227171, 2], "stack": [21329356232, 11453311568]}}}